{
  "mode": "per_horizon",
  "fw_reports": {
    "5": {
      "label": "fw=5 OOF",
      "n": 214821,
      "mae": 0.5660842657089233,
      "rmse": 0.8402703554615542,
      "r2": 0.5192793607711792,
      "bias": 0.1702735275030136,
      "p95_abs_error": 1.866524577140808,
      "mase": 0.6049097640134753,
      "mae_by_score": {
        "0": 0.45988762378692627,
        "1": 0.6355101466178894,
        "2": 0.766873300075531,
        "3": 0.7418884038925171,
        "4": 0.8501265645027161,
        "5": 1.1632874011993408
      },
      "fold_maes": [
        0.5660842061042786
      ]
    },
    "1": {
      "label": "fw=1 OOF",
      "n": 214821,
      "mae": 0.5443719625473022,
      "rmse": 0.8228018636338377,
      "r2": 0.5390591621398926,
      "bias": 0.19037263095378876,
      "p95_abs_error": 1.8366806507110596,
      "mase": 0.5817082991834341,
      "mae_by_score": {
        "0": 0.43700793385505676,
        "1": 0.6230436563491821,
        "2": 0.7416208982467651,
        "3": 0.7059299945831299,
        "4": 0.8296400308609009,
        "5": 1.1647076606750488
      },
      "fold_maes": [
        0.5443719625473022
      ]
    },
    "4": {
      "label": "fw=4 OOF",
      "n": 214821,
      "mae": 0.5517622232437134,
      "rmse": 0.8203345522868268,
      "r2": 0.5418193936347961,
      "bias": 0.16698364913463593,
      "p95_abs_error": 1.8215572834014893,
      "mase": 0.5896054288594651,
      "mae_by_score": {
        "0": 0.4451221823692322,
        "1": 0.6201537251472473,
        "2": 0.7443685531616211,
        "3": 0.7289479374885559,
        "4": 0.8594233393669128,
        "5": 1.1757439374923706
      },
      "fold_maes": [
        0.5517622232437134
      ]
    },
    "2": {
      "label": "fw=2 OOF",
      "n": 214821,
      "mae": 0.5395495891571045,
      "rmse": 0.8107279012363764,
      "r2": 0.5524877309799194,
      "bias": 0.18393269181251526,
      "p95_abs_error": 1.7984285354614258,
      "mase": 0.5765551781268081,
      "mae_by_score": {
        "0": 0.43298909068107605,
        "1": 0.6195547580718994,
        "2": 0.7370615005493164,
        "3": 0.6921356916427612,
        "4": 0.8258452415466309,
        "5": 1.1465364694595337
      },
      "fold_maes": [
        0.5395495891571045
      ]
    },
    "3": {
      "label": "fw=3 OOF",
      "n": 214821,
      "mae": 0.5429999232292175,
      "rmse": 0.8111327478347705,
      "r2": 0.552040696144104,
      "bias": 0.1704626977443695,
      "p95_abs_error": 1.8068408966064453,
      "mase": 0.5802421570728061,
      "mae_by_score": {
        "0": 0.4332747459411621,
        "1": 0.6155312657356262,
        "2": 0.7431256771087646,
        "3": 0.7269461750984192,
        "4": 0.8483253717422485,
        "5": 1.16209876537323
      },
      "fold_maes": [
        0.5429999232292175
      ]
    }
  },
  "fw_maes": {
    "5": 0.5660842657089233,
    "1": 0.5443719625473022,
    "4": 0.5517622232437134,
    "2": 0.5395495891571045,
    "3": 0.5429999232292175
  },
  "macro_mae": 0.5489535927772522
}