{
  "mode": "per_horizon",
  "fw_reports": {
    "1": {
      "label": "fw=1 OOF",
      "n": 214821,
      "mae": 0.5579061508178711,
      "rmse": 0.8436292985836863,
      "r2": 0.5160478353500366,
      "bias": 0.20947134494781494,
      "p95_abs_error": 1.8968150615692139,
      "mase": 0.595205549487697,
      "mae_by_score": {
        "0": 0.45552805066108704,
        "1": 0.6366516351699829,
        "2": 0.7602371573448181,
        "3": 0.693767786026001,
        "4": 0.8009054064750671,
        "5": 1.1353715658187866
      },
      "fold_maes": [
        0.5579061508178711
      ]
    },
    "4": {
      "label": "fw=4 OOF",
      "n": 214821,
      "mae": 0.5635473728179932,
      "rmse": 0.8387092912462448,
      "r2": 0.5216761827468872,
      "bias": 0.1747608184814453,
      "p95_abs_error": 1.8711962699890137,
      "mase": 0.6012239212791577,
      "mae_by_score": {
        "0": 0.4587732255458832,
        "1": 0.6253663897514343,
        "2": 0.7653684616088867,
        "3": 0.7485591173171997,
        "4": 0.8377642035484314,
        "5": 1.1459238529205322
      },
      "fold_maes": [
        0.5635473728179932
      ]
    },
    "2": {
      "label": "fw=2 OOF",
      "n": 214821,
      "mae": 0.5495840311050415,
      "rmse": 0.8257367586765586,
      "r2": 0.5363584756851196,
      "bias": 0.19054864346981049,
      "p95_abs_error": 1.8449894189834595,
      "mase": 0.5863270457656719,
      "mae_by_score": {
        "0": 0.44707661867141724,
        "1": 0.6169471740722656,
        "2": 0.7519029378890991,
        "3": 0.6979153752326965,
        "4": 0.8211570382118225,
        "5": 1.147308349609375
      },
      "fold_maes": [
        0.5495839715003967
      ]
    },
    "3": {
      "label": "fw=3 OOF",
      "n": 214821,
      "mae": 0.5503583550453186,
      "rmse": 0.8211613577349852,
      "r2": 0.5414823293685913,
      "bias": 0.17526806890964508,
      "p95_abs_error": 1.836183786392212,
      "mase": 0.5871531379420684,
      "mae_by_score": {
        "0": 0.44434237480163574,
        "1": 0.6148684620857239,
        "2": 0.7504112720489502,
        "3": 0.7236127257347107,
        "4": 0.8445468544960022,
        "5": 1.1724212169647217
      },
      "fold_maes": [
        0.5503582954406738
      ]
    },
    "5": {
      "label": "fw=5 OOF",
      "n": 214821,
      "mae": 0.5561515688896179,
      "rmse": 0.8292233003671542,
      "r2": 0.53243488073349,
      "bias": 0.15337687730789185,
      "p95_abs_error": 1.8623981475830078,
      "mase": 0.5933336631512653,
      "mae_by_score": {
        "0": 0.4454430043697357,
        "1": 0.620002806186676,
        "2": 0.7638717293739319,
        "3": 0.7578454613685608,
        "4": 0.8516905307769775,
        "5": 1.1874345541000366
      },
      "fold_maes": [
        0.5561515688896179
      ]
    }
  },
  "fw_maes": {
    "1": 0.5579061508178711,
    "4": 0.5635473728179932,
    "2": 0.5495840311050415,
    "3": 0.5503583550453186,
    "5": 0.5561515688896179
  },
  "macro_mae": 0.5555094957351685
}