{
  "mode": "per_horizon",
  "fw_reports": {
    "5": {
      "label": "fw=5 OOF",
      "n": 214821,
      "mae": 0.5694631934165955,
      "rmse": 0.8469913177563179,
      "r2": 0.5136189460754395,
      "bias": 0.16917185485363007,
      "p95_abs_error": 1.891542911529541,
      "mase": 0.6065682647830432,
      "mae_by_score": {
        "0": 0.4594009220600128,
        "1": 0.6469058394432068,
        "2": 0.7783411741256714,
        "3": 0.7420629858970642,
        "4": 0.8498552441596985,
        "5": 1.172866702079773
      },
      "fold_maes": [
        0.5694632530212402
      ]
    },
    "2": {
      "label": "fw=2 OOF",
      "n": 214821,
      "mae": 0.5529606342315674,
      "rmse": 0.8296315865794759,
      "r2": 0.5333521366119385,
      "bias": 0.19347496330738068,
      "p95_abs_error": 1.8472096920013428,
      "mase": 0.588990432176715,
      "mae_by_score": {
        "0": 0.4453141689300537,
        "1": 0.632469117641449,
        "2": 0.7592959403991699,
        "3": 0.7051776647567749,
        "4": 0.8180079460144043,
        "5": 1.1859275102615356
      },
      "fold_maes": [
        0.5529606342315674
      ]
    },
    "1": {
      "label": "fw=1 OOF",
      "n": 214821,
      "mae": 0.5552016496658325,
      "rmse": 0.8368502117357512,
      "r2": 0.5251961946487427,
      "bias": 0.20157529413700104,
      "p95_abs_error": 1.864811897277832,
      "mase": 0.591377467649822,
      "mae_by_score": {
        "0": 0.44968700408935547,
        "1": 0.6348426938056946,
        "2": 0.7579219937324524,
        "3": 0.7033266425132751,
        "4": 0.8234670162200928,
        "5": 1.1314433813095093
      },
      "fold_maes": [
        0.5552017092704773
      ]
    },
    "3": {
      "label": "fw=3 OOF",
      "n": 214821,
      "mae": 0.5435845851898193,
      "rmse": 0.813646974150529,
      "r2": 0.5511608123779297,
      "bias": 0.163825124502182,
      "p95_abs_error": 1.8121321201324463,
      "mase": 0.579003458719041,
      "mae_by_score": {
        "0": 0.4298291504383087,
        "1": 0.6185151934623718,
        "2": 0.7546377778053284,
        "3": 0.7363213300704956,
        "4": 0.8475390076637268,
        "5": 1.162510871887207
      },
      "fold_maes": [
        0.5435845255851746
      ]
    },
    "4": {
      "label": "fw=4 OOF",
      "n": 214821,
      "mae": 0.5555721521377563,
      "rmse": 0.8269425353181712,
      "r2": 0.5363723039627075,
      "bias": 0.16774746775627136,
      "p95_abs_error": 1.8451756238937378,
      "mase": 0.5917721113144009,
      "mae_by_score": {
        "0": 0.44711819291114807,
        "1": 0.6257158517837524,
        "2": 0.7554226517677307,
        "3": 0.7374097108840942,
        "4": 0.8508283495903015,
        "5": 1.1689056158065796
      },
      "fold_maes": [
        0.5555722117424011
      ]
    }
  },
  "fw_maes": {
    "5": 0.5694631934165955,
    "2": 0.5529606342315674,
    "1": 0.5552016496658325,
    "3": 0.5435845851898193,
    "4": 0.5555721521377563
  },
  "macro_mae": 0.5553564429283142
}