{
  "mode": "per_horizon",
  "fw_reports": {
    "2": {
      "label": "fw=2 OOF",
      "n": 215900,
      "mae": 0.7452918887138367,
      "rmse": 1.0826337768671073,
      "r2": 0.20319068431854248,
      "bias": 0.5119109153747559,
      "p95_abs_error": 2.428882598876953,
      "mase": 0.7933447835228938,
      "mae_by_score": {
        "0": 0.7344760298728943,
        "1": 0.8808720111846924,
        "2": 0.7524557113647461,
        "3": 0.46608003973960876,
        "4": 0.6352332830429077,
        "5": 1.0521950721740723
      },
      "fold_maes": [
        0.7452918291091919
      ]
    },
    "4": {
      "label": "fw=4 OOF",
      "n": 215900,
      "mae": 0.7498537302017212,
      "rmse": 1.0846995700702042,
      "r2": 0.20014697313308716,
      "bias": 0.49393337965011597,
      "p95_abs_error": 2.4255855083465576,
      "mase": 0.7982007509666252,
      "mae_by_score": {
        "0": 0.7406668663024902,
        "1": 0.867044985294342,
        "2": 0.7575334906578064,
        "3": 0.49247410893440247,
        "4": 0.6604523062705994,
        "5": 1.0631543397903442
      },
      "fold_maes": [
        0.7498537302017212
      ]
    },
    "1": {
      "label": "fw=1 OOF",
      "n": 215900,
      "mae": 0.7125276327133179,
      "rmse": 1.0417953348166284,
      "r2": 0.26217037439346313,
      "bias": 0.46885406970977783,
      "p95_abs_error": 2.335967779159546,
      "mase": 0.7584680433119176,
      "mae_by_score": {
        "0": 0.689603328704834,
        "1": 0.8453429341316223,
        "2": 0.7262797951698303,
        "3": 0.4949151575565338,
        "4": 0.6668301224708557,
        "5": 1.0596578121185303
      },
      "fold_maes": [
        0.7125276327133179
      ]
    },
    "5": {
      "label": "fw=5 OOF",
      "n": 215900,
      "mae": 0.7208217978477478,
      "rmse": 1.043936919418582,
      "r2": 0.25913381576538086,
      "bias": 0.43785151839256287,
      "p95_abs_error": 2.3366036415100098,
      "mase": 0.7672969769723026,
      "mae_by_score": {
        "0": 0.703567385673523,
        "1": 0.8224437236785889,
        "2": 0.7344615459442139,
        "3": 0.5284680128097534,
        "4": 0.6959946751594543,
        "5": 1.0546224117279053
      },
      "fold_maes": [
        0.7208216786384583
      ]
    },
    "3": {
      "label": "fw=3 OOF",
      "n": 215900,
      "mae": 0.7040361762046814,
      "rmse": 1.0268534951909827,
      "r2": 0.28318315744400024,
      "bias": 0.44267210364341736,
      "p95_abs_error": 2.3015453815460205,
      "mase": 0.7494290978629555,
      "mae_by_score": {
        "0": 0.6803208589553833,
        "1": 0.8223218321800232,
        "2": 0.7257537245750427,
        "3": 0.5102933049201965,
        "4": 0.6768805980682373,
        "5": 1.0506176948547363
      },
      "fold_maes": [
        0.7040360569953918
      ]
    }
  },
  "fw_maes": {
    "2": 0.7452918887138367,
    "4": 0.7498537302017212,
    "1": 0.7125276327133179,
    "5": 0.7208217978477478,
    "3": 0.7040361762046814
  },
  "macro_mae": 0.7265062451362609
}