{
  "mode": "per_horizon",
  "fw_reports": {
    "3": {
      "label": "fw=3 OOF",
      "n": 214821,
      "mae": 0.556854248046875,
      "rmse": 0.8324852363033383,
      "r2": 0.5295343995094299,
      "bias": 0.1887761950492859,
      "p95_abs_error": 1.8530113697052002,
      "mase": 0.5932995660910638,
      "mae_by_score": {
        "0": 0.4492477774620056,
        "1": 0.6380226612091064,
        "2": 0.7584736943244934,
        "3": 0.7140713334083557,
        "4": 0.8219925165176392,
        "5": 1.1674751043319702
      },
      "fold_maes": [
        0.556854248046875
      ]
    },
    "2": {
      "label": "fw=2 OOF",
      "n": 214821,
      "mae": 0.5518834590911865,
      "rmse": 0.8295833055262144,
      "r2": 0.5328086614608765,
      "bias": 0.18955999612808228,
      "p95_abs_error": 1.8491133451461792,
      "mase": 0.5880034460724338,
      "mae_by_score": {
        "0": 0.44182148575782776,
        "1": 0.6365194320678711,
        "2": 0.7526696920394897,
        "3": 0.7016125917434692,
        "4": 0.8421615362167358,
        "5": 1.2022684812545776
      },
      "fold_maes": [
        0.5518834590911865
      ]
    },
    "5": {
      "label": "fw=5 OOF",
      "n": 214821,
      "mae": 0.5587121248245239,
      "rmse": 0.8308983553775676,
      "r2": 0.5313262939453125,
      "bias": 0.1513785570859909,
      "p95_abs_error": 1.860766053199768,
      "mase": 0.5952790382597614,
      "mae_by_score": {
        "0": 0.4443771541118622,
        "1": 0.6324793100357056,
        "2": 0.7706003189086914,
        "3": 0.7537392973899841,
        "4": 0.8625417351722717,
        "5": 1.192144751548767
      },
      "fold_maes": [
        0.5587121248245239
      ]
    },
    "1": {
      "label": "fw=1 OOF",
      "n": 214821,
      "mae": 0.5447702407836914,
      "rmse": 0.8204284586009758,
      "r2": 0.5430631041526794,
      "bias": 0.18405474722385406,
      "p95_abs_error": 1.8338195085525513,
      "mase": 0.5804246777499327,
      "mae_by_score": {
        "0": 0.43490323424339294,
        "1": 0.6221539378166199,
        "2": 0.745410680770874,
        "3": 0.7103745937347412,
        "4": 0.8431882858276367,
        "5": 1.1827752590179443
      },
      "fold_maes": [
        0.5447702407836914
      ]
    },
    "4": {
      "label": "fw=4 OOF",
      "n": 214821,
      "mae": 0.5555415153503418,
      "rmse": 0.8273742079419075,
      "r2": 0.535293459892273,
      "bias": 0.16516537964344025,
      "p95_abs_error": 1.8419995307922363,
      "mase": 0.591900916907766,
      "mae_by_score": {
        "0": 0.44622254371643066,
        "1": 0.6282283663749695,
        "2": 0.7539852261543274,
        "3": 0.7391547560691833,
        "4": 0.8532939553260803,
        "5": 1.1591475009918213
      },
      "fold_maes": [
        0.5555415153503418
      ]
    }
  },
  "fw_maes": {
    "3": 0.556854248046875,
    "2": 0.5518834590911865,
    "5": 0.5587121248245239,
    "1": 0.5447702407836914,
    "4": 0.5555415153503418
  },
  "macro_mae": 0.5535523176193238
}